{
    "id": 3,
    "name": "Trường Đại học Nguyễn Tất Thành tp Hồ Chí Minh",
    "schoolCode": "NTT",
    "calendarName": "Lịch {{name}} ({{schoolCode}})",
    "requiredData": {
        "k": true
    },
    "informations": {
        "isHttps": true,
        "host": "phongdaotao.ntt.edu.vn",
        "pathGetLich": "/SinhVienTraCuu/GetDanhSachLichTheoTuan",
        "pathInputInformation": "/tra-cuu-thong-tin.html",
        "dataLich": "k={{k}}&pNgayHienTai={{pNgayHienTai}}&pLoaiLich={{pLoaiLich}}",
		"timeformat": "ms"
    },
    "TranslateTime": {
	"0":
        "1": "06:30",
        "2": "07:20",
        "3": "08:10",
        "4": "09:10",
        "5": "10:00",
        "6": "10:50",
        "7": "12:30",
        "8": "13:20",
        "9": "14:10",
        "10": "15:10",
        "11": "16:00",
        "12": "16:50",
        "13": "18:00",
        "14": "18:50",
        "15": "19:50",
        "16": "20:40",
        "17": "21:30"
    }
}